TaskID,DueDate,Priority
187,,High
200,,
134,,Low
125,,
105,,High
180,,
181,2024-12-11,High
159,,Low
128,2024-12-20,Medium
197,2024-12-15,
114,,Medium
112,,Low
153,,Low
171,,Medium
128,,
161,,Low
196,2024-12-28,Medium
117,,Low
149,2024-12-15,Medium
165,2024-12-3,
154,2024-12-3,Low
130,,Low
132,,
106,2024-12-6,
176,2024-12-9,
197,2024-12-8,Low
108,2024-12-7,High
140,,Low
185,2024-12-10,Low
152,2024-12-22,High
183,,Low
139,,Medium
101,,High
101,2024-12-18,
136,,
177,,
108,,Low
184,,Low
135,,Medium
134,,Low
104,,Medium
119,2024-12-23,Low
111,,High
105,,High
186,,
110,,Medium
167,,Medium
165,2024-12-6,Medium
167,,Low
100,2024-12-26,Medium
