TaskID,TaskName,Description,Status
115,Task_0,Add feature,To Do
182,Task_1,Add feature,In Progress
102,Task_2,Fix bug,Done
143,Task_3,Add feature,Done
120,Task_4,Update docs,
140,Task_5,,In Progress
119,Task_6,Update docs,In Progress
185,Task_7,Add feature,Done
164,Task_8,Add feature,In Progress
106,Task_9,Fix bug,
192,Task_10,,
184,Task_11,Fix bug,In Progress
169,Task_12,Fix bug,
123,Task_13,Update docs,In Progress
195,Task_14,Fix bug,To Do
135,Task_15,Fix bug,
130,Task_16,Fix bug,To Do
177,Task_17,Fix bug,Done
168,Task_18,Add feature,
179,Task_19,,
115,Task_20,Update docs,In Progress
174,Task_21,Update docs,Done
151,Task_22,,In Progress
160,Task_23,,Done
146,Task_24,Add feature,To Do
113,Task_25,Update docs,In Progress
174,Task_26,,To Do
162,Task_27,Add feature,To Do
147,Task_28,Add feature,In Progress
148,Task_29,,
195,Task_30,Fix bug,In Progress
172,Task_31,Add feature,To Do
156,Task_32,Fix bug,Done
181,Task_33,Add feature,
109,Task_34,Add feature,Done
182,Task_35,,Done
100,Task_36,,
117,Task_37,Update docs,Done
117,Task_38,,To Do
107,Task_39,Add feature,To Do
143,Task_40,Update docs,Done
191,Task_41,Update docs,To Do
151,Task_42,,Done
145,Task_43,Add feature,In Progress
184,Task_44,Update docs,In Progress
194,Task_45,,To Do
151,Task_46,Add feature,
137,Task_47,Update docs,In Progress
188,Task_48,,Done
171,Task_49,Add feature,To Do
